,0,1,2,3,4,5,6,7,8,9,10,11,12,13,14,y
3,b,27.83,1.54,u,g,w,v,3.75,t,t,5,t,g,100,3,1
4,b,20.17,5.625,u,g,w,v,1.71,t,f,0,f,s,120,0,1
23,a,27.42,14.5,u,g,x,h,3.085,t,t,1,f,g,120,11,1
24,a,41.17,6.5,u,g,q,v,0.5,t,t,3,t,g,145,0,1
33,a,36.75,5.125,u,g,e,v,5.0,t,f,0,t,g,0,4000,1
38,b,27.75,0.585,y,p,cc,v,0.25,t,t,2,f,g,260,500,1
70,b,32.33,7.5,u,g,e,bb,1.585,t,f,0,t,s,420,0,0
71,b,34.83,4.0,u,g,d,bb,12.5,t,f,0,t,g,?,0,0
72,a,38.58,5.0,u,g,cc,v,13.5,t,f,0,t,g,980,0,0
73,b,44.25,0.5,u,g,m,v,10.75,t,f,0,f,s,400,0,0
74,b,44.83,7.0,y,p,c,v,1.625,f,f,0,f,g,160,2,0
75,b,20.67,5.29,u,g,q,v,0.375,t,t,1,f,g,160,0,0
76,b,34.08,6.5,u,g,aa,v,0.125,t,f,0,t,g,443,0,0
77,a,19.17,0.585,y,p,aa,v,0.585,t,f,0,t,g,160,0,0
78,b,21.67,1.165,y,p,k,v,2.5,t,t,1,f,g,180,20,0
79,b,21.5,9.75,u,g,c,v,0.25,t,f,0,f,g,140,0,0
80,b,49.58,19.0,u,g,ff,ff,0.0,t,t,1,f,g,94,0,0
81,a,27.67,1.5,u,g,m,v,2.0,t,f,0,f,s,368,0,0
82,b,39.83,0.5,u,g,m,v,0.25,t,f,0,f,s,288,0,0
83,a,?,3.5,u,g,d,v,3.0,t,f,0,t,g,300,0,0
84,b,27.25,0.625,u,g,aa,v,0.455,t,f,0,t,g,200,0,0
85,b,37.17,4.0,u,g,c,bb,5.0,t,f,0,t,s,280,0,0
86,b,?,0.375,u,g,d,v,0.875,t,f,0,t,s,928,0,0
87,b,25.67,2.21,y,p,aa,v,4.0,t,f,0,f,g,188,0,0
88,b,34,4.5,u,g,aa,v,1.0,t,f,0,t,g,240,0,0
89,a,49,1.5,u,g,j,j,0.0,t,f,0,t,g,100,27,0
90,b,62.5,12.75,y,p,c,h,5.0,t,f,0,f,g,112,0,0
91,b,31.42,15.5,u,g,c,v,0.5,t,f,0,f,g,120,0,0
92,b,?,5.0,y,p,aa,v,8.5,t,f,0,f,g,0,0,0
93,b,52.33,1.375,y,p,c,h,9.46,t,f,0,t,g,200,100,0
94,b,28.75,1.5,y,p,c,v,1.5,t,f,0,t,g,0,225,0
95,a,28.58,3.54,u,g,i,bb,0.5,t,f,0,t,g,171,0,0
96,b,23,0.625,y,p,aa,v,0.125,t,f,0,f,g,180,1,0
97,b,?,0.5,u,g,c,bb,0.835,t,f,0,t,s,320,0,0
98,a,22.5,11.0,y,p,q,v,3.0,t,f,0,t,g,268,0,0
99,a,28.5,1.0,u,g,q,v,1.0,t,t,2,t,g,167,500,0
100,b,37.5,1.75,y,p,c,bb,0.25,t,f,0,t,g,164,400,0
101,b,35.25,16.5,y,p,c,v,4.0,t,f,0,f,g,80,0,0
102,b,18.67,5.0,u,g,q,v,0.375,t,t,2,f,g,0,38,0
103,b,25,12.0,u,g,k,v,2.25,t,t,2,t,g,120,5,0
104,b,27.83,4.0,y,p,i,h,5.75,t,t,2,t,g,75,0,0
105,b,54.83,15.5,u,g,e,z,0.0,t,t,20,f,g,152,130,0
106,b,28.75,1.165,u,g,k,v,0.5,t,f,0,f,s,280,0,0
107,a,25,11.0,y,p,aa,v,4.5,t,f,0,f,g,120,0,0
108,b,40.92,2.25,y,p,x,h,10.0,t,f,0,t,g,176,0,0
109,a,19.75,0.75,u,g,c,v,0.795,t,t,5,t,g,140,5,0
110,b,29.17,3.5,u,g,w,v,3.5,t,t,3,t,g,329,0,0
111,a,24.5,1.04,y,p,ff,ff,0.5,t,t,3,f,g,180,147,0
112,b,24.58,12.5,u,g,w,v,0.875,t,f,0,t,g,260,0,0
113,a,33.75,0.75,u,g,k,bb,1.0,t,t,3,t,g,212,0,0
114,b,20.67,1.25,y,p,c,h,1.375,t,t,3,t,g,140,210,0
115,a,25.42,1.125,u,g,q,v,1.29,t,t,2,f,g,200,0,0
116,b,37.75,7.0,u,g,q,h,11.5,t,t,7,t,g,300,5,0
147,a,40.33,7.54,y,p,q,h,8.0,t,t,14,f,g,0,2300,1
157,a,68.67,15.0,u,g,e,z,0.0,t,t,14,f,g,0,3376,1
174,b,22.67,10.5,u,g,q,h,1.335,t,f,0,f,g,100,0,1
185,b,48.75,8.5,u,g,c,h,12.5,t,t,9,f,g,181,1655,1
191,b,42,0.205,u,g,i,h,5.125,t,f,0,f,g,400,0,1
210,b,39.33,5.875,u,g,cc,h,10.0,t,t,14,t,g,399,0,1
226,b,18.08,5.5,u,g,k,v,0.5,t,f,0,f,g,80,0,1
230,b,25.17,3.5,u,g,cc,v,0.625,t,t,7,f,g,0,7059,1
236,b,26.17,0.25,u,g,i,bb,0.0,t,f,0,t,g,0,0,1
249,b,21.83,11.0,u,g,x,v,0.29,t,t,6,f,g,121,0,1
254,b,?,0.625,u,g,k,v,0.25,f,f,0,f,g,380,2010,0
255,b,18.17,10.25,u,g,c,h,1.085,f,f,0,f,g,320,13,0
256,b,20,11.045,u,g,c,v,2.0,f,f,0,t,g,136,0,0
257,b,20,0.0,u,g,d,v,0.5,f,f,0,f,g,144,0,0
258,a,20.75,9.54,u,g,i,v,0.04,f,f,0,f,g,200,1000,0
259,a,24.5,1.75,y,p,c,v,0.165,f,f,0,f,g,132,0,0
260,b,32.75,2.335,u,g,d,h,5.75,f,f,0,t,g,292,0,0
261,a,52.17,0.0,y,p,ff,ff,0.0,f,f,0,f,g,0,0,0
262,a,48.17,1.335,u,g,i,o,0.335,f,f,0,f,g,0,120,0
263,a,20.42,10.5,y,p,x,h,0.0,f,f,0,t,g,154,32,0
264,b,50.75,0.585,u,g,ff,ff,0.0,f,f,0,f,g,145,0,0
265,b,17.08,0.085,y,p,c,v,0.04,f,f,0,f,g,140,722,0
266,b,18.33,1.21,y,p,e,dd,0.0,f,f,0,f,g,100,0,0
267,a,32,6.0,u,g,d,v,1.25,f,f,0,f,g,272,0,0
271,b,32.33,2.5,u,g,c,v,1.25,f,f,0,t,g,280,0,0
272,b,18.08,6.75,y,p,m,v,0.04,f,f,0,f,g,140,0,0
273,b,38.25,10.125,y,p,k,v,0.125,f,f,0,f,g,160,0,0
274,b,30.67,2.5,u,g,cc,h,2.25,f,f,0,t,s,340,0,0
275,b,18.58,5.71,u,g,d,v,0.54,f,f,0,f,g,120,0,0
276,a,19.17,5.415,u,g,i,h,0.29,f,f,0,f,g,80,484,0
277,a,18.17,10.0,y,p,q,h,0.165,f,f,0,f,g,340,0,0
278,b,24.58,13.5,y,p,ff,ff,0.0,f,f,0,f,g,?,0,0
279,b,16.25,0.835,u,g,m,v,0.085,t,f,0,f,s,200,0,0
280,b,21.17,0.875,y,p,c,h,0.25,f,f,0,f,g,280,204,0
281,b,23.92,0.585,y,p,cc,h,0.125,f,f,0,f,g,240,1,0
282,b,17.67,4.46,u,g,c,v,0.25,f,f,0,f,s,80,0,0
283,a,16.5,1.25,u,g,q,v,0.25,f,t,1,f,g,108,98,0
284,b,23.25,12.625,u,g,c,v,0.125,f,t,2,f,g,0,5552,0
285,b,17.58,10.0,u,g,w,h,0.165,f,t,1,f,g,120,1,0
286,a,?,1.5,u,g,ff,ff,0.0,f,t,2,t,g,200,105,0
287,b,29.5,0.58,u,g,w,v,0.29,f,t,1,f,g,340,2803,0
288,b,18.83,0.415,y,p,c,v,0.165,f,t,1,f,g,200,1,0
289,a,21.75,1.75,y,p,j,j,0.0,f,f,0,f,g,160,0,0
290,b,23,0.75,u,g,m,v,0.5,f,f,0,t,s,320,0,0
291,a,18.25,10.0,u,g,w,v,1.0,f,t,1,f,g,120,1,0
292,b,25.42,0.54,u,g,w,v,0.165,f,t,1,f,g,272,444,0
293,b,35.75,2.415,u,g,w,v,0.125,f,t,2,f,g,220,1,0
294,a,16.08,0.335,u,g,ff,ff,0.0,f,t,1,f,g,160,126,0
295,a,31.92,3.125,u,g,ff,ff,3.04,f,t,2,t,g,200,4,0
296,b,69.17,9.0,u,g,ff,ff,4.0,f,t,1,f,g,70,6,0
297,b,32.92,2.5,u,g,aa,v,1.75,f,t,2,t,g,720,0,0
298,b,16.33,2.75,u,g,aa,v,0.665,f,t,1,f,g,80,21,0
299,b,22.17,12.125,u,g,c,v,3.335,f,t,2,t,g,180,173,0
300,a,57.58,2.0,u,g,ff,ff,6.5,f,t,1,f,g,0,10,0
301,b,18.25,0.165,u,g,d,v,0.25,f,f,0,t,s,280,0,0
302,b,23.42,1.0,u,g,c,v,0.5,f,f,0,t,s,280,0,0
303,a,15.92,2.875,u,g,q,v,0.085,f,f,0,f,g,120,0,0
304,a,24.75,13.665,u,g,q,h,1.5,f,f,0,f,g,280,1,0
305,b,48.75,26.335,y,p,ff,ff,0.0,t,f,0,t,g,0,0,0
306,b,23.5,2.75,u,g,ff,ff,4.5,f,f,0,f,g,160,25,0
307,b,18.58,10.29,u,g,ff,ff,0.415,f,f,0,f,g,80,0,0
308,b,27.75,1.29,u,g,k,h,0.25,f,f,0,t,s,140,0,0
309,a,31.75,3.0,y,p,j,j,0.0,f,f,0,f,g,160,20,0
310,a,24.83,4.5,u,g,w,v,1.0,f,f,0,t,g,360,6,0
311,b,19,1.75,y,p,c,v,2.335,f,f,0,t,g,112,6,0
312,a,16.33,0.21,u,g,aa,v,0.125,f,f,0,f,g,200,1,0
313,a,18.58,10.0,u,g,d,v,0.415,f,f,0,f,g,80,42,0
314,b,16.25,0.0,y,p,aa,v,0.25,f,f,0,f,g,60,0,0
315,b,23,0.75,u,g,m,v,0.5,t,f,0,t,s,320,0,0
316,b,21.17,0.25,y,p,c,h,0.25,f,f,0,f,g,280,204,0
324,b,33.67,1.25,u,g,w,v,1.165,f,f,0,f,g,120,0,0
325,a,29.5,1.085,y,p,x,v,1.0,f,f,0,f,g,280,13,0
326,b,30.17,1.085,y,p,c,v,0.04,f,f,0,f,g,170,179,0
327,?,40.83,3.5,u,g,i,bb,0.5,f,f,0,f,s,1160,0,0
328,b,34.83,2.5,y,p,w,v,3.0,f,f,0,f,s,200,0,0
329,b,?,4.0,y,p,i,v,0.085,f,f,0,t,g,411,0,0
330,b,20.42,0.0,?,?,?,?,0.0,f,f,0,f,p,?,0,0
331,a,33.25,2.5,y,p,c,v,2.5,f,f,0,t,g,0,2,0
332,b,34.08,2.5,u,g,c,v,1.0,f,f,0,f,g,460,16,0
333,a,25.25,12.5,u,g,d,v,1.0,f,f,0,t,g,180,1062,0
334,b,34.75,2.5,u,g,cc,bb,0.5,f,f,0,f,g,348,0,0
335,b,27.67,0.75,u,g,q,h,0.165,f,f,0,t,g,220,251,0
336,b,47.33,6.5,u,g,c,v,1.0,f,f,0,t,g,0,228,0
337,a,34.83,1.25,y,p,i,h,0.5,f,f,0,t,g,160,0,0
338,a,33.25,3.0,y,p,aa,v,2.0,f,f,0,f,g,180,0,0
339,b,28,3.0,u,g,w,v,0.75,f,f,0,t,g,300,67,0
340,a,39.08,4.0,u,g,c,v,3.0,f,f,0,f,g,480,0,0
341,b,42.75,4.085,u,g,aa,v,0.04,f,f,0,f,g,108,100,0
342,b,26.92,2.25,u,g,i,bb,0.5,f,f,0,t,g,640,4000,0
343,b,33.75,2.75,u,g,i,bb,0.0,f,f,0,f,g,180,0,0
344,b,38.92,1.75,u,g,k,v,0.5,f,f,0,t,g,300,2,0
345,b,62.75,7.0,u,g,e,z,0.0,f,f,0,f,g,0,12,0
346,?,32.25,1.5,u,g,c,v,0.25,f,f,0,t,g,372,122,0
347,b,26.75,4.5,y,p,c,bb,2.5,f,f,0,f,g,200,1210,0
348,b,63.33,0.54,u,g,c,v,0.585,t,t,3,t,g,180,0,0
349,b,27.83,1.5,u,g,w,v,2.25,f,t,1,t,g,100,3,0
350,a,26.17,2.0,u,g,j,j,0.0,f,f,0,t,g,276,1,0
351,b,22.17,0.585,y,p,ff,ff,0.0,f,f,0,f,g,100,0,0
352,b,22.5,11.5,y,p,m,v,1.5,f,f,0,t,g,0,4000,0
353,b,30.75,1.585,u,g,d,v,0.585,f,f,0,t,s,0,0,0
354,b,36.67,2.0,u,g,i,v,0.25,f,f,0,t,g,221,0,0
355,a,16,0.165,u,g,aa,v,1.0,f,t,2,t,g,320,1,0
356,b,41.17,1.335,u,g,d,v,0.165,f,f,0,f,g,168,0,0
357,a,19.5,0.165,u,g,q,v,0.04,f,f,0,t,g,380,0,0
358,b,32.42,3.0,u,g,d,v,0.165,f,f,0,t,g,120,0,0
359,a,36.75,4.71,u,g,ff,ff,0.0,f,f,0,f,g,160,0,0
360,a,30.25,5.5,u,g,k,v,5.5,f,f,0,t,s,100,0,0
361,b,23.08,2.5,u,g,ff,ff,0.085,f,f,0,t,g,100,4208,0
362,b,26.83,0.54,u,g,k,ff,0.0,f,f,0,f,g,100,0,0
363,b,16.92,0.335,y,p,k,v,0.29,f,f,0,f,s,200,0,0
364,b,24.42,2.0,u,g,e,dd,0.165,f,t,2,f,g,320,1300,0
365,b,42.83,1.25,u,g,m,v,13.875,f,t,1,t,g,352,112,0
366,a,22.75,6.165,u,g,aa,v,0.165,f,f,0,f,g,220,1000,0
367,b,39.42,1.71,y,p,m,v,0.165,f,f,0,f,s,400,0,0
368,a,23.58,11.5,y,p,k,h,3.0,f,f,0,t,g,20,16,0
369,b,21.42,0.75,y,p,r,n,0.75,f,f,0,t,g,132,2,0
370,b,33,2.5,y,p,w,v,7.0,f,f,0,t,g,280,0,0
371,b,26.33,13.0,u,g,e,dd,0.0,f,f,0,t,g,140,1110,0
372,a,45,4.585,u,g,k,h,1.0,f,f,0,t,s,240,0,0
373,b,26.25,1.54,u,g,w,v,0.125,f,f,0,f,g,100,0,0
374,?,28.17,0.585,u,g,aa,v,0.04,f,f,0,f,g,260,1004,0
375,a,20.83,0.5,y,p,e,dd,1.0,f,f,0,f,g,260,0,0
376,b,28.67,14.5,u,g,d,v,0.125,f,f,0,f,g,0,286,0
377,b,20.67,0.835,y,p,c,v,2.0,f,f,0,t,s,240,0,0
378,b,34.42,1.335,u,g,i,bb,0.125,f,f,0,t,g,440,4500,0
379,b,33.58,0.25,u,g,i,bb,4.0,f,f,0,t,s,420,0,0
380,b,43.17,5.0,u,g,i,bb,2.25,f,f,0,t,g,141,0,0
381,a,22.67,7.0,u,g,c,v,0.165,f,f,0,f,g,160,0,0
382,a,24.33,2.5,y,p,i,bb,4.5,f,f,0,f,g,200,456,0
383,a,56.83,4.25,y,p,ff,ff,5.0,f,f,0,t,g,0,4,0
384,b,22.08,11.46,u,g,k,v,1.585,f,f,0,t,g,100,1212,0
385,b,34,5.5,y,p,c,v,1.5,f,f,0,t,g,60,0,0
386,b,22.58,1.5,y,p,aa,v,0.54,f,f,0,t,g,120,67,0
387,b,21.17,0.0,u,g,c,v,0.5,f,f,0,t,s,0,0,0
388,b,26.67,14.585,u,g,i,bb,0.0,f,f,0,t,g,178,0,0
389,b,22.92,0.17,u,g,m,v,0.085,f,f,0,f,s,0,0,0
390,b,15.17,7.0,u,g,e,v,1.0,f,f,0,f,g,600,0,0
391,b,39.92,5.0,u,g,i,bb,0.21,f,f,0,f,g,550,0,0
392,b,27.42,12.5,u,g,aa,bb,0.25,f,f,0,t,g,720,0,0
393,b,24.75,0.54,u,g,m,v,1.0,f,f,0,t,g,120,1,0
394,b,41.17,1.25,y,p,w,v,0.25,f,f,0,f,g,0,195,0
395,a,33.08,1.625,u,g,d,v,0.54,f,f,0,t,g,0,0,0
396,b,29.83,2.04,y,p,x,h,0.04,f,f,0,f,g,128,1,0
397,a,23.58,0.585,y,p,ff,ff,0.125,f,f,0,f,g,120,87,0
398,b,26.17,12.5,y,p,k,h,1.25,f,f,0,t,g,0,17,0
399,b,31,2.085,u,g,c,v,0.085,f,f,0,f,g,300,0,0
400,b,20.75,5.085,y,p,j,v,0.29,f,f,0,f,g,140,184,0
401,b,28.92,0.375,u,g,c,v,0.29,f,f,0,f,g,220,140,0
402,a,51.92,6.5,u,g,i,bb,3.085,f,f,0,t,g,73,0,0
403,a,22.67,0.335,u,g,q,v,0.75,f,f,0,f,s,160,0,0
404,b,34,5.085,y,p,i,bb,1.085,f,f,0,t,g,480,0,0
405,a,69.5,6.0,u,g,ff,ff,0.0,f,f,0,f,s,0,0,0
406,a,40.33,8.125,y,p,k,v,0.165,f,t,2,f,g,?,18,0
407,a,19.58,0.665,y,p,c,v,1.0,f,t,1,f,g,2000,2,0
408,b,16,3.125,u,g,w,v,0.085,f,t,1,f,g,0,6,0
409,b,17.08,0.25,u,g,q,v,0.335,f,t,4,f,g,160,8,0
410,b,31.25,2.835,u,g,ff,ff,0.0,f,t,5,f,g,176,146,0
411,b,25.17,3.0,u,g,c,v,1.25,f,t,1,f,g,0,22,0
412,a,22.67,0.79,u,g,i,v,0.085,f,f,0,f,g,144,0,0
413,b,40.58,1.5,u,g,i,bb,0.0,f,f,0,f,s,300,0,0
414,b,22.25,0.46,u,g,k,v,0.125,f,f,0,t,g,280,55,0
415,a,22.25,1.25,y,p,ff,ff,3.25,f,f,0,f,g,280,0,0
416,b,22.5,0.125,y,p,k,v,0.125,f,f,0,f,g,200,70,0
417,b,23.58,1.79,u,g,c,v,0.54,f,f,0,t,g,136,1,0
418,b,38.42,0.705,u,g,c,v,0.375,f,t,2,f,g,225,500,0
419,a,26.58,2.54,y,p,ff,ff,0.0,f,f,0,t,g,180,60,0
420,b,35,2.5,u,g,i,v,1.0,f,f,0,t,g,210,0,0
421,b,20.42,1.085,u,g,q,v,1.5,f,f,0,f,g,108,7,0
422,b,29.42,1.25,u,g,w,v,1.75,f,f,0,f,g,200,0,0
423,b,26.17,0.835,u,g,cc,v,1.165,f,f,0,f,g,100,0,0
424,b,33.67,2.165,u,g,c,v,1.5,f,f,0,f,p,120,0,0
425,b,24.58,1.25,u,g,c,v,0.25,f,f,0,f,g,110,0,0
426,a,27.67,2.04,u,g,w,v,0.25,f,f,0,t,g,180,50,0
427,b,37.5,0.835,u,g,e,v,0.04,f,f,0,f,g,120,5,0
428,b,49.17,2.29,u,g,ff,ff,0.29,f,f,0,f,g,200,3,0
429,b,33.58,0.335,y,p,cc,v,0.085,f,f,0,f,g,180,0,0
430,b,51.83,3.0,y,p,ff,ff,1.5,f,f,0,f,g,180,4,0
431,b,22.92,3.165,y,p,c,v,0.165,f,f,0,f,g,160,1058,0
432,b,21.83,1.54,u,g,k,v,0.085,f,f,0,t,g,356,0,0
433,b,25.25,1.0,u,g,aa,v,0.5,f,f,0,f,g,200,0,0
434,b,58.58,2.71,u,g,c,v,2.415,f,f,0,t,g,320,0,0
435,b,19,0.0,y,p,ff,ff,0.0,f,t,4,f,g,45,1,0
436,b,19.58,0.585,u,g,ff,ff,0.0,f,t,3,f,g,350,769,0
437,a,53.33,0.165,u,g,ff,ff,0.0,f,f,0,t,s,62,27,0
438,a,27.17,1.25,u,g,ff,ff,0.0,f,t,1,f,g,92,300,0
439,b,25.92,0.875,u,g,k,v,0.375,f,t,2,t,g,174,3,0
440,b,23.08,0.0,u,g,k,v,1.0,f,t,11,f,s,0,0,0
441,b,39.58,5.0,u,g,ff,ff,0.0,f,t,2,f,g,17,1,0
442,b,30.58,2.71,y,p,m,v,0.125,f,f,0,t,s,80,0,0
443,b,17.25,3.0,u,g,k,v,0.04,f,f,0,t,g,160,40,0
444,a,17.67,0.0,y,p,j,ff,0.0,f,f,0,f,g,86,0,0
445,a,?,11.25,u,g,ff,ff,0.0,f,f,0,f,g,?,5200,0
446,b,16.5,0.125,u,g,c,v,0.165,f,f,0,f,g,132,0,0
447,a,27.33,1.665,u,g,ff,ff,0.0,f,f,0,f,g,340,1,0
448,b,31.25,1.125,u,g,ff,ff,0.0,f,t,1,f,g,96,19,0
449,b,20,7.0,u,g,c,v,0.5,f,f,0,f,g,0,0,0
450,b,?,3.0,y,p,i,bb,7.0,f,f,0,f,g,0,1,0
451,b,39.5,1.625,u,g,c,v,1.5,f,f,0,f,g,0,316,0
452,b,36.5,4.25,u,g,q,v,3.5,f,f,0,f,g,454,50,0
453,?,29.75,0.665,u,g,w,v,0.25,f,f,0,t,g,300,0,0
454,b,52.42,1.5,u,g,d,v,3.75,f,f,0,t,g,0,350,0
455,b,36.17,18.125,u,g,w,v,0.085,f,f,0,f,g,320,3552,0
456,b,34.58,0.0,?,?,?,?,0.0,f,f,0,f,p,?,0,0
457,b,29.67,0.75,y,p,c,v,0.04,f,f,0,f,g,240,0,0
458,b,36.17,5.5,u,g,i,bb,5.0,f,f,0,f,g,210,687,0
459,b,25.67,0.29,y,p,c,v,1.5,f,f,0,t,g,160,0,0
460,a,24.5,2.415,y,p,c,v,0.0,f,f,0,f,g,120,0,0
461,b,24.08,0.875,u,g,m,v,0.085,f,t,4,f,g,254,1950,0
462,b,21.92,0.5,u,g,c,v,0.125,f,f,0,f,g,360,0,0
463,a,36.58,0.29,u,g,ff,ff,0.0,f,t,10,f,g,200,18,0
464,a,23,1.835,u,g,j,j,0.0,f,t,1,f,g,200,53,0
465,a,27.58,3.0,u,g,m,v,2.79,f,t,1,t,g,280,10,0
466,b,31.08,3.085,u,g,c,v,2.5,f,t,2,t,g,160,41,0
467,a,30.42,1.375,u,g,w,h,0.04,f,t,3,f,g,0,33,0
468,b,22.08,2.335,u,g,k,v,0.75,f,f,0,f,g,180,0,0
469,b,16.33,4.085,u,g,i,h,0.415,f,f,0,t,g,120,0,0
470,a,21.92,11.665,u,g,k,h,0.085,f,f,0,f,g,320,5,0
471,b,21.08,4.125,y,p,i,h,0.04,f,f,0,f,g,140,100,0
472,b,17.42,6.5,u,g,i,v,0.125,f,f,0,f,g,60,100,0
473,b,19.17,4.0,y,p,i,v,1.0,f,f,0,t,g,360,1000,0
474,b,20.67,0.415,u,g,c,v,0.125,f,f,0,f,g,0,44,0
475,b,26.75,2.0,u,g,d,v,0.75,f,f,0,t,g,80,0,0
476,b,23.58,0.835,u,g,i,h,0.085,f,f,0,t,g,220,5,0
477,b,39.17,2.5,y,p,i,h,10.0,f,f,0,t,s,200,0,0
478,b,22.75,11.5,u,g,i,v,0.415,f,f,0,f,g,0,0,0
479,?,26.5,2.71,y,p,?,?,0.085,f,f,0,f,s,80,0,0
480,a,16.92,0.5,u,g,i,v,0.165,f,t,6,t,g,240,35,0
481,b,23.5,3.165,y,p,k,v,0.415,f,t,1,t,g,280,80,0
482,a,17.33,9.5,u,g,aa,v,1.75,f,t,10,t,g,0,10,0
483,b,23.75,0.415,y,p,c,v,0.04,f,t,2,f,g,128,6,0
484,b,34.67,1.08,u,g,m,v,1.165,f,f,0,f,s,28,0,0
485,b,74.83,19.0,y,p,ff,ff,0.04,f,t,2,f,g,0,351,0
486,b,28.17,0.125,y,p,k,v,0.085,f,f,0,f,g,216,2100,0
487,b,24.5,13.335,y,p,aa,v,0.04,f,f,0,t,g,120,475,0
488,b,18.83,3.54,y,p,ff,ff,0.0,f,f,0,t,g,180,1,0
489,?,45.33,1.0,u,g,q,v,0.125,f,f,0,t,g,263,0,0
491,b,24.17,0.875,u,g,q,v,4.625,t,t,2,t,g,520,2000,1
494,a,18.83,4.415,y,p,c,h,3.0,t,f,0,f,g,240,0,1
503,b,28.25,5.125,u,g,x,v,4.75,t,t,2,f,g,420,7,1
506,a,18.92,9.0,u,g,aa,v,0.75,t,t,2,f,g,88,591,1
507,a,24.75,3.0,u,g,q,h,1.835,t,t,19,f,g,0,500,1
516,a,60.92,5.0,u,g,aa,v,4.0,t,t,4,f,g,0,99,1
517,b,16.08,0.75,u,g,c,v,1.75,t,t,5,t,g,352,690,1
523,a,22.5,8.5,u,g,q,v,1.75,t,t,10,f,g,80,990,0
524,a,28.58,1.665,u,g,q,v,2.415,t,f,0,t,g,440,0,0
525,b,45.17,1.5,u,g,c,v,2.5,t,f,0,t,g,140,0,0
526,b,41.58,1.75,u,g,k,v,0.21,t,f,0,f,g,160,0,0
527,a,57.08,0.335,u,g,i,bb,1.0,t,f,0,t,g,252,2197,0
528,a,55.75,7.08,u,g,k,h,6.75,t,t,3,t,g,100,50,0
529,b,43.25,25.21,u,g,q,h,0.21,t,t,1,f,g,760,90,0
530,a,25.33,2.085,u,g,c,h,2.75,t,f,0,t,g,360,1,0
531,a,24.58,0.67,u,g,aa,h,1.75,t,f,0,f,g,400,0,0
532,b,43.17,2.25,u,g,i,bb,0.75,t,f,0,f,g,560,0,0
533,b,40.92,0.835,u,g,ff,ff,0.0,t,f,0,f,g,130,1,0
534,b,31.83,2.5,u,g,aa,v,7.5,t,f,0,t,g,523,0,0
535,a,33.92,1.585,y,p,ff,ff,0.0,t,f,0,f,g,320,0,0
536,a,24.92,1.25,u,g,ff,ff,0.0,t,f,0,f,g,80,0,0
537,b,35.25,3.165,u,g,x,h,3.75,t,f,0,t,g,680,0,0
538,b,34.25,1.75,u,g,w,bb,0.25,t,f,0,t,g,163,0,0
539,b,80.25,5.5,u,g,?,?,0.54,t,f,0,f,g,0,340,0
540,b,19.42,1.5,y,p,cc,v,2.0,t,f,0,t,g,100,20,0
541,b,42.75,3.0,u,g,i,bb,1.0,t,f,0,f,g,0,200,0
542,b,19.67,10.0,y,p,k,h,0.835,t,f,0,t,g,140,0,0
543,b,36.33,3.79,u,g,w,v,1.165,t,f,0,t,g,200,0,0
544,b,30.08,1.04,y,p,i,bb,0.5,t,t,10,t,g,132,28,0
545,b,44.25,11.0,y,p,d,v,1.5,t,f,0,f,s,0,0,0
546,b,23.58,0.46,y,p,w,v,2.625,t,t,6,t,g,208,347,0
550,b,76.75,22.29,u,g,e,z,12.75,t,t,1,t,g,0,109,1
562,b,23.33,1.5,u,g,c,h,1.415,t,f,0,f,g,422,200,1
576,b,30.17,0.5,u,g,c,v,1.75,t,t,11,f,g,32,540,1
577,b,25.17,6.0,u,g,c,v,1.0,t,t,3,f,g,0,0,1
588,b,26.67,1.75,y,p,c,v,1.0,t,t,5,t,g,160,5777,1
590,b,30.17,6.5,u,g,cc,v,3.125,t,t,8,f,g,330,1200,1
591,b,27,0.75,u,g,c,h,4.25,t,t,3,t,g,312,150,1
597,a,21.5,6.0,u,g,aa,v,2.5,t,t,3,f,g,80,918,1
601,?,42.25,1.75,y,p,?,?,0.0,f,f,0,t,g,150,1,0
602,b,29.83,1.25,y,p,k,v,0.25,f,f,0,f,g,224,0,0
603,b,20.08,0.25,u,g,q,v,0.125,f,f,0,f,g,200,0,0
604,b,23.42,0.585,u,g,c,h,0.085,t,f,0,f,g,180,0,0
605,a,29.58,1.75,y,p,k,v,1.25,f,f,0,t,g,280,0,0
607,b,32.33,3.5,u,g,k,v,0.5,f,f,0,t,g,232,0,0
608,b,?,0.04,y,p,d,v,4.25,f,f,0,t,g,460,0,0
609,b,47.83,4.165,u,g,x,bb,0.085,f,f,0,t,g,520,0,0
610,b,20,1.25,y,p,k,v,0.125,f,f,0,f,g,140,4,0
611,b,27.58,3.25,y,p,q,h,5.085,f,t,2,t,g,369,1,0
612,b,22,0.79,u,g,w,v,0.29,f,t,1,f,g,420,283,0
613,b,19.33,10.915,u,g,c,bb,0.585,f,t,2,t,g,200,7,0
614,a,38.33,4.415,u,g,c,v,0.125,f,f,0,f,g,160,0,0
615,b,29.42,1.25,u,g,c,h,0.25,f,t,2,t,g,400,108,0
616,b,22.67,0.75,u,g,i,v,1.585,f,t,1,t,g,400,9,0
617,b,32.25,14.0,y,p,ff,ff,0.0,f,t,2,f,g,160,1,0
618,b,29.58,4.75,u,g,m,v,2.0,f,t,1,t,g,460,68,0
619,b,18.42,10.415,y,p,aa,v,0.125,t,f,0,f,g,120,375,0
620,b,22.17,2.25,u,g,i,v,0.125,f,f,0,f,g,160,10,0
623,b,18.83,0.0,u,g,q,v,0.665,f,f,0,f,g,160,1,0
624,b,21.58,0.79,y,p,cc,v,0.665,f,f,0,f,g,160,0,0
625,b,23.75,12.0,u,g,c,v,2.085,f,f,0,f,s,80,0,0
626,b,22,7.835,y,p,i,bb,0.165,f,f,0,t,g,?,0,0
627,b,36.08,2.54,u,g,ff,ff,0.0,f,f,0,f,g,0,1000,0
628,b,29.25,13.0,u,g,d,h,0.5,f,f,0,f,g,228,0,0
629,a,19.58,0.665,u,g,w,v,1.665,f,f,0,f,g,220,5,0
630,a,22.92,1.25,u,g,q,v,0.25,f,f,0,t,g,120,809,0
631,a,27.25,0.29,u,g,m,h,0.125,f,t,1,t,g,272,108,0
632,a,38.75,1.5,u,g,ff,ff,0.0,f,f,0,f,g,76,0,0
633,b,32.42,2.165,y,p,k,ff,0.0,f,f,0,f,g,120,0,0
634,a,23.75,0.71,u,g,w,v,0.25,f,t,1,t,g,240,4,0
635,b,18.17,2.46,u,g,c,n,0.96,f,t,2,t,g,160,587,0
636,b,40.92,0.5,y,p,m,v,0.5,f,f,0,t,g,130,0,0
637,b,19.5,9.585,u,g,aa,v,0.79,f,f,0,f,g,80,350,0
638,b,28.58,3.625,u,g,aa,v,0.25,f,f,0,t,g,100,0,0
639,b,35.58,0.75,u,g,k,v,1.5,f,f,0,t,g,231,0,0
640,b,34.17,2.75,u,g,i,bb,2.5,f,f,0,t,g,232,200,0
641,?,33.17,2.25,y,p,cc,v,3.5,f,f,0,t,g,200,141,0
642,b,31.58,0.75,y,p,aa,v,3.5,f,f,0,t,g,320,0,0
643,a,52.5,7.0,u,g,aa,h,3.0,f,f,0,f,g,0,0,0
644,b,36.17,0.42,y,p,w,v,0.29,f,f,0,t,g,309,2,0
645,b,37.33,2.665,u,g,cc,v,0.165,f,f,0,t,g,0,501,0
646,a,20.83,8.5,u,g,c,v,0.165,f,f,0,f,g,0,351,0
647,b,24.08,9.0,u,g,aa,v,0.25,f,f,0,t,g,0,0,0
648,b,25.58,0.335,u,g,k,h,3.5,f,f,0,t,g,340,0,0
649,a,35.17,3.75,u,g,ff,ff,0.0,f,t,6,f,g,0,200,0
650,b,48.08,3.75,u,g,i,bb,1.0,f,f,0,f,g,100,2,0
651,a,15.83,7.625,u,g,q,v,0.125,f,t,1,t,g,0,160,0
652,a,22.5,0.415,u,g,i,v,0.335,f,f,0,t,s,144,0,0
653,b,21.5,11.5,u,g,i,v,0.5,t,f,0,t,g,100,68,0
654,a,23.58,0.83,u,g,q,v,0.415,f,t,1,t,g,200,11,0
655,a,21.08,5.0,y,p,ff,ff,0.0,f,f,0,f,g,0,0,0
656,b,25.67,3.25,u,g,c,h,2.29,f,t,1,t,g,416,21,0
657,a,38.92,1.665,u,g,aa,v,0.25,f,f,0,f,g,0,390,0
658,a,15.75,0.375,u,g,c,v,1.0,f,f,0,f,g,120,18,0
659,a,28.58,3.75,u,g,c,v,0.25,f,t,1,t,g,40,154,0
660,b,22.25,9.0,u,g,aa,v,0.085,f,f,0,f,g,0,0,0
661,b,29.83,3.5,u,g,c,v,0.165,f,f,0,f,g,216,0,0
662,a,23.5,1.5,u,g,w,v,0.875,f,f,0,t,g,160,0,0
663,b,32.08,4.0,y,p,cc,v,1.5,f,f,0,t,g,120,0,0
664,b,31.08,1.5,y,p,w,v,0.04,f,f,0,f,s,160,0,0
665,b,31.83,0.04,y,p,m,v,0.04,f,f,0,f,g,0,0,0
666,a,21.75,11.75,u,g,c,v,0.25,f,f,0,t,g,180,0,0
667,a,17.92,0.54,u,g,c,v,1.75,f,t,1,t,g,80,5,0
668,b,30.33,0.5,u,g,d,h,0.085,f,f,0,t,s,252,0,0
669,b,51.83,2.04,y,p,ff,ff,1.5,f,f,0,f,g,120,1,0
670,b,47.17,5.835,u,g,w,v,5.5,f,f,0,f,g,465,150,0
671,b,25.83,12.835,u,g,cc,v,0.5,f,f,0,f,g,0,2,0
672,a,50.25,0.835,u,g,aa,v,0.5,f,f,0,t,g,240,117,0
673,?,29.5,2.0,y,p,e,h,2.0,f,f,0,f,g,256,17,0
674,a,37.33,2.5,u,g,i,h,0.21,f,f,0,f,g,260,246,0
675,a,41.58,1.04,u,g,aa,v,0.665,f,f,0,f,g,240,237,0
676,a,30.58,10.665,u,g,q,h,0.085,f,t,12,t,g,129,3,0
677,b,19.42,7.25,u,g,m,v,0.04,f,t,1,f,g,100,1,0
678,a,17.92,10.21,u,g,ff,ff,0.0,f,f,0,f,g,0,50,0
679,a,20.08,1.25,u,g,c,v,0.0,f,f,0,f,g,0,0,0
680,b,19.5,0.29,u,g,k,v,0.29,f,f,0,f,g,280,364,0
681,b,27.83,1.0,y,p,d,h,3.0,f,f,0,f,g,176,537,0
682,b,17.08,3.29,u,g,i,v,0.335,f,f,0,t,g,140,2,0
683,b,36.42,0.75,y,p,d,v,0.585,f,f,0,f,g,240,3,0
684,b,40.58,3.29,u,g,m,v,3.5,f,f,0,t,s,400,0,0
685,b,21.08,10.085,y,p,e,h,1.25,f,f,0,f,g,260,0,0
686,a,22.67,0.75,u,g,c,v,2.0,f,t,2,t,g,200,394,0
687,a,25.25,13.5,y,p,ff,ff,2.0,f,t,1,t,g,200,1,0
688,b,17.92,0.205,u,g,aa,v,0.04,f,f,0,f,g,280,750,0
689,b,35,3.375,u,g,c,h,8.29,f,f,0,t,g,0,0,0
